Workbook

Sheet 데이터
A1: 시도별 | B1: 연령계층별 | C1: 2022.1/4 | D1: 2022.2/4 | E1: 2022.3/4 | F1: 2022.4/4 | G1: 2023.1/4 | H1: 2023.2/4 | I1: 2023.3/4 | J1: 2023.4/4 | K1: 2024.1/4 | L1: 2024.2/4 | M1: 2024.3/4 | N1: 2024.4/4 | O1: 2025.1/4 | P1: 2025.2/4 | Q1: 2025.3/4 | R1: 2025.4/4
A2: 서울특별시 | B2: 15 - 29세 | C2: 51.7 | D2: 52.1 | E2: 51.9 | F2: 50.4 | G2: 50.8 | H2: 51.4 | I2: 52.5 | J2: 52.6 | K2: 53.3 | L2: 50.9 | M2: 50.6 | N2: 49.9 | O2: 48.2 | P2: 50.2 | Q2: 49.8 | R2: 48.2
A3: 부산광역시 | B3: 15 - 29세 | C3: 39.8 | D3: 41.8 | E3: 43.6 | F3: 42.8 | G3: 42.8 | H3: 43.2 | I3: 45.4 | J3: 44.1 | K3: 45.2 | L3: 46.6 | M3: 46.7 | N3: 46 | O3: 43.8 | P3: 44 | Q3: 44.1 | R3: 44.5
A4: 대구광역시 | B4: 15 - 29세 | C4: 42 | D4: 40.2 | E4: 41.6 | F4: 41.1 | G4: 41.8 | H4: 44.7 | I4: 42.4 | J4: 40.5 | K4: 38.2 | L4: 39.5 | M4: 36.6 | N4: 35.6 | O4: 38 | P4: 40.7 | Q4: 39.4 | R4: 39.3
A5: 인천광역시 | B5: 15 - 29세 | C5: 48.2 | D5: 50.8 | E5: 52.4 | F5: 51 | G5: 49.2 | H5: 50.5 | I5: 50.4 | J5: 46.6 | K5: 45.2 | L5: 47.4 | M5: 49.2 | N5: 48 | O5: 46 | P5: 45.1 | Q5: 44.4 | R5: 43.6
A6: 경기도 | B6: 15 - 29세 | C6: 49.3 | D6: 51.4 | E6: 50.3 | F6: 48.9 | G6: 49.1 | H6: 50.3 | I6: 50.1 | J6: 50 | K6: 49.3 | L6: 50.7 | M6: 49.9 | N6: 47.9 | O6: 47.1 | P6: 48 | Q6: 46.5 | R6: 45.1
A7: 전라북도 | B7: 15 - 29세 | C7: 37.2 | D7: 38.8 | E7: 40.4 | F7: 38 | G7: 38.4 | H7: 37.4 | I7: 40.1 | J7: 39.4 | K7: 37.6 | L7: 38.1 | M7: 38 | N7: 38.4 | O7: 37.5 | P7: 37 | Q7: 38.9 | R7: 38.5

Sheet 메타정보
A1: ○ 통계표ID | B1: INH_1DA7015S
A2: ○ 통계표명 | B2: 청년고용률(시도)
A3: ○ 조회기간 | B3: [분기] 202201~202504
A4: ○ 출처 | B4: 「경제활동인구조사」, 국가데이터처
A5: ○ 자료다운일자 | B5: 2026.04.06 17:30
A6: ○ 통계표URL | B6: https://kosis.kr/statHtml/statHtml.do?orgId=101&tblId=INH_1DA7015S&conn_path=I3
B7: * KOSIS 개편 시 통계표 URL은 달라질 수 있음
A8: ○ 단위 | B8: %
A9: ○ 주석
A10: 통계표 | B10: ■ <b>자료제공처:</b> 국가데이터처 지역통계기획팀
B11: ■ <b>자료원출처:</b> 국가데이터청 고용통계과(경제활동인구조사)
B12: ■ <b>자료제공주기:</b> 분기, 1년
B13: ■ <b>자료제공시기:</b> 조사기준분기 익월
B16: □ <b>정의</b>
B17: - 청년고용률: 15~29세 인구 중 취업자가 차지하는 비율
B19: □ <b>의의</b>
B20: - 청년세대의 경제활동 동향 분석을 통해 거시경제 분석과 인력자원의 개발정책 수립에 필요한 기초 자료를 제공
B22: □ <b>산식</b>
B23: - 청년고용률(%)=(15~29세 취업자÷15~29세 인구)×100
B25: □ <b>참고사항</b>
B26: - 2015년 인구총조사(등록센서스)결과를 토대로 소급작성된 추계인구의 변경을 반영하여 2018년 1월에 자료를 변경하였음
A31: 시도별 | B31: 2017년부터 충청남도에서 세종특별자치시를 분리함에 따라 충청남도의 2016년이전과 2017년이후 시계열이 단절되었음. 충청남도의 전년동월대비 비교시 주의 필요

Sheet 년도별 정리
A1: 시도별 | B1: 권역 | C1: 2022 | D1: 2023 | E1: 2024 | F1: 2025 | G1: 변화폭
A2: 서울특별시 | B2: 수도권 | C2: =AVERAGE(데이터!C2:F2) -> 51.525 | D2: =AVERAGE(데이터!G2:J2) -> 51.825 | E2: =AVERAGE(데이터!K2:N2) -> 51.175 | F2: =AVERAGE(데이터!O2:R2) -> 49.1 | G2: =F2-C2 -> -2.425
A3: 인천광역시 | B3: 수도권 | C3: =AVERAGE(데이터!C5:F5) -> 50.6 | D3: =AVERAGE(데이터!G5:J5) -> 49.175 | E3: =AVERAGE(데이터!K5:N5) -> 47.45 | F3: =AVERAGE(데이터!O5:R5) -> 44.775 | G3: =F3-C3 -> -5.825
A4: 경기도 | B4: 수도권 | C4: =AVERAGE(데이터!C6:F6) -> 49.975 | D4: =AVERAGE(데이터!G6:J6) -> 49.875 | E4: =AVERAGE(데이터!K6:N6) -> 49.45 | F4: =AVERAGE(데이터!O6:R6) -> 46.675 | G4: =F4-C4 -> -3.3
A5: 부산광역시 | B5: 지방 | C5: =AVERAGE(데이터!C3:F3) -> 42 | D5: =AVERAGE(데이터!G3:J3) -> 43.875 | E5: =AVERAGE(데이터!K3:N3) -> 46.125 | F5: =AVERAGE(데이터!O3:R3) -> 44.1 | G5: =F5-C5 -> 2.1
A6: 대구광역시 | B6: 지방 | C6: =AVERAGE(데이터!C4:F4) -> 41.225 | D6: =AVERAGE(데이터!G4:J4) -> 42.35 | E6: =AVERAGE(데이터!K4:N4) -> 37.475 | F6: =AVERAGE(데이터!O4:R4) -> 39.35 | G6: =F6-C6 -> -1.875
A7: 전라북도 | B7: 지방 | C7: =AVERAGE(데이터!C7:F7) -> 38.6 | D7: =AVERAGE(데이터!G7:J7) -> 38.825 | E7: =AVERAGE(데이터!K7:N7) -> 38.025 | F7: =AVERAGE(데이터!O7:R7) -> 37.975 | G7: =F7-C7 -> -0.625
A10: 평균 | B10: 권역 | C10: 2022 | D10: 2023 | E10: 2024 | F10: 2025 | G10: 변화폭
A11: 수도권 평균 | B11: 수도권 | C11: =AVERAGE(C2:C4) -> 50.7 | D11: =AVERAGE(D2:D4) -> 50.291667 | E11: =AVERAGE(E2:E4) -> 49.358333 | F11: =AVERAGE(F2:F4) -> 46.85 | G11: =AVERAGE(G2:G4) -> -3.85
A12: 지방 평균 | B12: 지방 | C12: =AVERAGE(C5:C7) -> 40.608333 | D12: =AVERAGE(D5:D7) -> 41.683333 | E12: =AVERAGE(E5:E7) -> 40.541667 | F12: =AVERAGE(F5:F7) -> 40.475 | G12: =AVERAGE(G5:G7) -> -0.13333333
